{"cameraMode":{"drawMode":0,"name":"Shaded","section":"Shading Mode"},"sceneLighting":true,"audioPlay":false,"sceneViewState":{"showFog":true,"showMaterialUpdate":false,"showSkybox":true,"showFlares":true,"showImageEffects":true,"showParticleSystems":true},"in2DMode":false,"pivot":{"x":-0.7594960331916809,"y":4.422353267669678,"z":21.6199951171875},"rotation":{"x":-0.022802172228693963,"y":0.021590163931250573,"z":-0.000491728016640991,"w":-0.9995097517967224},"size":10.0,"orthographic":false}