{"cameraMode":{"drawMode":0,"name":"Shaded","section":"Shading Mode"},"sceneLighting":true,"audioPlay":false,"sceneViewState":{"showFog":true,"showMaterialUpdate":false,"showSkybox":true,"showFlares":true,"showImageEffects":true,"showParticleSystems":true},"in2DMode":false,"pivot":{"x":14.642136573791504,"y":2.997638702392578,"z":-1.8721694946289063},"rotation":{"x":0.2224205583333969,"y":0.02924434468150139,"z":-0.006674913223832846,"w":0.9744908809661865},"size":22.0,"orthographic":false}